sku,product_name,brand,category,pack_size
SKU0001,Operative scalable help-desk,Northfield,home_care,2
SKU0002,Business-focused explicit frame,Glimmer,home_care,2
SKU0003,Progressive scalable archive,PureLeaf,home_care,2
SKU0004,Profound content-based throughput,PureLeaf,oral_care,12
SKU0005,Self-enabling contextually-based task-force,Glimmer,home_care,4
SKU0006,Cross-platform radical system engine,Cascade Home,home_care,1
SKU0007,Down-sized needs-based Graphic Interface,Everstate,personal_care,2
SKU0008,Intuitive systemic website,Everstate,home_care,2
SKU0009,Innovative encompassing software,Glimmer,personal_care,6
SKU0010,Total system-worthy hierarchy,Everstate,oral_care,6
SKU0011,Cross-platform national paradigm,PureLeaf,home_care,4
SKU0012,Multi-channeled client-server access,Everstate,personal_care,1
SKU0013,Devolved multi-state forecast,Everstate,oral_care,2
SKU0014,Multi-layered zero-defect matrix,Everstate,personal_care,4
SKU0015,Open-source global complexity,Everstate,personal_care,6
SKU0016,Customer-focused didactic collaboration,Cascade Home,home_care,4
SKU0017,Profit-focused directional core,Glimmer,personal_care,2
SKU0018,Realigned reciprocal solution,Cascade Home,personal_care,6
SKU0019,Progressive national structure,Northfield,home_care,1
SKU0020,Reactive tangible system engine,PureLeaf,home_care,2
SKU0021,Customizable intangible knowledgebase,Glimmer,personal_care,6
SKU0022,Compatible bifurcated capacity,Everstate,personal_care,1
SKU0023,Ameliorated mission-critical hardware,Glimmer,home_care,4
SKU0024,Integrated system-worthy hierarchy,Glimmer,oral_care,4
SKU0025,Devolved leadingedge policy,Northfield,personal_care,12
SKU0026,Programmable well-modulated Graphical User Interface,Everstate,oral_care,12
SKU0027,Enhanced tertiary framework,PureLeaf,oral_care,12
SKU0028,Assimilated value-added capability,PureLeaf,home_care,4
SKU0029,Face-to-face clear-thinking solution,Everstate,oral_care,2
SKU0030,Digitized system-worthy emulation,Northfield,home_care,4
SKU0031,Integrated clear-thinking database,PureLeaf,home_care,1
SKU0032,De-engineered attitude-oriented interface,Cascade Home,oral_care,2
SKU0033,Team-oriented well-modulated toolset,Glimmer,personal_care,1
SKU0034,Customizable asynchronous adapter,Everstate,oral_care,4
SKU0035,Vision-oriented mission-critical system engine,Northfield,personal_care,6
SKU0036,Optional 6thgeneration customer loyalty,Glimmer,oral_care,12
SKU0037,Customer-focused 5thgeneration utilization,Northfield,home_care,2
SKU0038,Switchable multimedia parallelism,Cascade Home,home_care,2
SKU0039,Centralized methodical capability,Glimmer,home_care,1
SKU0040,Function-based 6thgeneration architecture,Northfield,oral_care,1
SKU0041,Innovative static access,Everstate,oral_care,4
SKU0042,Versatile bandwidth-monitored toolset,PureLeaf,home_care,2
SKU0043,Decentralized real-time database,Glimmer,home_care,4
SKU0044,Reverse-engineered dedicated contingency,Glimmer,oral_care,1
SKU0045,Synchronized grid-enabled algorithm,PureLeaf,personal_care,12
SKU0046,Cross-group client-server synergy,Cascade Home,oral_care,12
SKU0047,Grass-roots optimal hardware,Northfield,oral_care,4
SKU0048,Multi-channeled cohesive middleware,Cascade Home,oral_care,12
SKU0049,Vision-oriented upward-trending pricing structure,Glimmer,oral_care,12
SKU0050,Front-line motivating open system,PureLeaf,personal_care,12
SKU0051,Cloned bandwidth-monitored paradigm,Cascade Home,oral_care,2
SKU0052,Virtual 24/7 moderator,Northfield,home_care,12
SKU0053,Extended transitional core,PureLeaf,oral_care,12
SKU0054,Horizontal composite system engine,Everstate,home_care,2
SKU0055,Public-key 24hour success,PureLeaf,home_care,12
SKU0056,Cross-platform didactic middleware,PureLeaf,oral_care,2
SKU0057,Triple-buffered methodical hierarchy,Northfield,home_care,1
SKU0058,Total optimizing contingency,PureLeaf,home_care,2
SKU0059,Organic systematic benchmark,Northfield,home_care,1
SKU0060,Enterprise-wide heuristic implementation,Cascade Home,personal_care,2
SKU0061,Optimized didactic migration,Northfield,home_care,1
SKU0062,Focused incremental budgetary management,Glimmer,personal_care,12
SKU0063,Virtual foreground capability,Glimmer,oral_care,2
SKU0064,Persistent bifurcated model,Cascade Home,home_care,12
SKU0065,Devolved modular task-force,PureLeaf,oral_care,6
SKU0066,Multi-lateral tertiary forecast,Northfield,oral_care,6
SKU0067,Realigned uniform analyzer,Glimmer,oral_care,12
SKU0068,Configurable fresh-thinking methodology,PureLeaf,home_care,2
SKU0069,Customizable human-resource forecast,Glimmer,oral_care,1
SKU0070,Persevering radical support,Glimmer,personal_care,4
SKU0071,Integrated systemic intranet,Northfield,home_care,6
SKU0072,Face-to-face neutral installation,Northfield,oral_care,12
SKU0073,Implemented interactive core,Cascade Home,oral_care,6
SKU0074,Cloned methodical service-desk,Everstate,personal_care,1
SKU0075,Multi-layered context-sensitive access,Glimmer,home_care,6
SKU0076,Synergistic mobile service-desk,PureLeaf,personal_care,4
SKU0077,Customer-focused hybrid intranet,Glimmer,oral_care,1
SKU0078,Programmable stable service-desk,PureLeaf,oral_care,2
SKU0079,Configurable bottom-line circuit,Cascade Home,personal_care,1
SKU0080,Object-based impactful solution,Glimmer,home_care,2
SKU0081,Reverse-engineered bi-directional support,Everstate,home_care,1
SKU0082,Down-sized asymmetric hierarchy,Northfield,oral_care,6
SKU0083,Exclusive global customer loyalty,Northfield,oral_care,1
SKU0084,Right-sized impactful capability,Glimmer,oral_care,12
SKU0085,Focused interactive success,PureLeaf,personal_care,1
SKU0086,Proactive even-keeled task-force,Everstate,home_care,1
SKU0087,Universal zero administration paradigm,PureLeaf,home_care,2
SKU0088,Reverse-engineered encompassing system engine,Northfield,oral_care,1
SKU0089,Stand-alone impactful help-desk,Cascade Home,home_care,4
SKU0090,Phased static portal,PureLeaf,oral_care,6
SKU0091,Open-architected mobile migration,Glimmer,personal_care,2
SKU0092,Grass-roots client-server throughput,Everstate,oral_care,6
SKU0093,Persevering bi-directional capability,Glimmer,home_care,4
SKU0094,Function-based mobile methodology,Cascade Home,oral_care,6
SKU0095,Focused responsive challenge,Glimmer,oral_care,2
SKU0096,Assimilated bandwidth-monitored support,Cascade Home,home_care,2
SKU0097,Business-focused asymmetric methodology,Northfield,home_care,2
SKU0098,Synergistic 4thgeneration conglomeration,Glimmer,personal_care,6
SKU0099,Multi-tiered real-time service-desk,Glimmer,oral_care,4
SKU0100,Inverse coherent framework,Northfield,oral_care,12
SKU0101,Secured regional attitude,Cascade Home,oral_care,2
SKU0102,Virtual asynchronous protocol,Glimmer,personal_care,4
SKU0103,Versatile multi-state throughput,Cascade Home,personal_care,6
SKU0104,Proactive maximized customer loyalty,PureLeaf,oral_care,6
SKU0105,Implemented stable methodology,Everstate,oral_care,2
SKU0106,Pre-emptive motivating firmware,Northfield,home_care,4
SKU0107,Quality-focused global workforce,Cascade Home,oral_care,2
SKU0108,Quality-focused needs-based adapter,Northfield,home_care,6
SKU0109,Virtual 5thgeneration Internet solution,Glimmer,personal_care,6
SKU0110,Decentralized human-resource knowledge user,Everstate,home_care,12
SKU0111,Intuitive homogeneous intranet,Glimmer,personal_care,2
SKU0112,Persevering 5thgeneration alliance,Cascade Home,home_care,4
SKU0113,Enhanced next generation protocol,Everstate,personal_care,4
SKU0114,Vision-oriented exuding strategy,Glimmer,home_care,1
SKU0115,Down-sized mobile Internet solution,Northfield,oral_care,1
SKU0116,Devolved fault-tolerant structure,Everstate,personal_care,1
SKU0117,Networked mobile task-force,Cascade Home,personal_care,12
SKU0118,Customizable non-volatile service-desk,Glimmer,oral_care,6
SKU0119,Pre-emptive stable neural-net,Everstate,home_care,4
SKU0120,Synergized needs-based orchestration,Everstate,personal_care,6
SKU0121,Phased methodical open architecture,Cascade Home,home_care,12
SKU0122,Diverse motivating approach,PureLeaf,personal_care,6
SKU0123,Object-based empowering methodology,Northfield,oral_care,6
SKU0124,Reverse-engineered homogeneous pricing structure,PureLeaf,oral_care,1
SKU0125,Synergistic heuristic throughput,Everstate,personal_care,4
SKU0126,Horizontal fresh-thinking approach,Cascade Home,home_care,4
SKU0127,Assimilated optimizing analyzer,Glimmer,personal_care,2
SKU0128,De-engineered high-level hardware,PureLeaf,personal_care,12
SKU0129,User-centric optimal algorithm,Glimmer,personal_care,1
SKU0130,Virtual responsive Graphical User Interface,Everstate,oral_care,6
SKU0131,Multi-tiered bandwidth-monitored interface,Cascade Home,personal_care,12
SKU0132,Monitored heuristic installation,Northfield,oral_care,6
SKU0133,Monitored analyzing protocol,Cascade Home,oral_care,1
SKU0134,Fully-configurable dynamic encoding,PureLeaf,personal_care,12
SKU0135,Stand-alone fault-tolerant parallelism,Northfield,home_care,12
SKU0136,Configurable system-worthy architecture,Northfield,oral_care,4
SKU0137,Integrated bifurcated Graphical User Interface,Northfield,home_care,12
SKU0138,Down-sized 3rdgeneration monitoring,Cascade Home,personal_care,6
SKU0139,Inverse 5thgeneration knowledgebase,Cascade Home,home_care,1
SKU0140,Switchable interactive open system,Everstate,oral_care,1
SKU0141,Profound intangible flexibility,Northfield,personal_care,12
SKU0142,Ameliorated tangible leverage,PureLeaf,home_care,4
SKU0143,Reverse-engineered 3rdgeneration functionalities,PureLeaf,oral_care,2
SKU0144,Multi-tiered object-oriented info-mediaries,Glimmer,oral_care,1
SKU0145,Inverse object-oriented attitude,Northfield,oral_care,6
SKU0146,Pre-emptive bandwidth-monitored solution,Northfield,oral_care,4
SKU0147,Synergistic demand-driven Graphical User Interface,Cascade Home,oral_care,2
SKU0148,Proactive motivating workforce,Northfield,oral_care,1
SKU0149,Virtual static Graphical User Interface,Glimmer,oral_care,12
SKU0150,Down-sized reciprocal framework,Everstate,home_care,2
SKU0151,Multi-lateral intermediate customer loyalty,Cascade Home,personal_care,6
SKU0152,Proactive scalable toolset,PureLeaf,oral_care,12
SKU0153,Compatible national data-warehouse,Glimmer,personal_care,1
SKU0154,Horizontal empowering application,Glimmer,personal_care,12
SKU0155,Innovative object-oriented initiative,Everstate,personal_care,1
SKU0156,Face-to-face regional synergy,Glimmer,home_care,1
SKU0157,Cross-group transitional paradigm,PureLeaf,oral_care,1
SKU0158,Cross-platform optimizing Graphical User Interface,Everstate,oral_care,6
SKU0159,Future-proofed asymmetric open system,Everstate,personal_care,2
SKU0160,Progressive methodical interface,Northfield,oral_care,6
SKU0161,Expanded grid-enabled utilization,Northfield,home_care,12
SKU0162,Compatible solution-oriented framework,Everstate,personal_care,6
SKU0163,Profit-focused exuding Internet solution,Everstate,oral_care,6
SKU0164,Switchable needs-based functionalities,Glimmer,personal_care,4
SKU0165,Exclusive intangible initiative,Cascade Home,personal_care,1
SKU0166,Function-based regional migration,Everstate,home_care,6
SKU0167,Persevering static task-force,Cascade Home,home_care,2
SKU0168,Reactive contextually-based adapter,Glimmer,oral_care,1
SKU0169,Self-enabling tertiary model,Everstate,personal_care,12
SKU0170,Enterprise-wide object-oriented methodology,Cascade Home,personal_care,2
SKU0171,Extended stable synergy,Northfield,home_care,1
SKU0172,Persistent encompassing productivity,Glimmer,personal_care,2
SKU0173,Public-key reciprocal throughput,PureLeaf,oral_care,1
SKU0174,Optional non-volatile superstructure,Everstate,oral_care,4
SKU0175,Self-enabling analyzing model,Glimmer,personal_care,12
SKU0176,Exclusive high-level Local Area Network,Everstate,personal_care,4
SKU0177,Digitized disintermediate collaboration,Cascade Home,home_care,12
SKU0178,User-friendly systemic task-force,Northfield,personal_care,4
SKU0179,Innovative intermediate installation,Northfield,oral_care,2
SKU0180,Intuitive asymmetric productivity,Cascade Home,personal_care,1
SKU0181,Expanded incremental flexibility,Glimmer,home_care,2
SKU0182,Horizontal secondary complexity,Cascade Home,oral_care,4
SKU0183,Function-based systemic policy,PureLeaf,home_care,1
SKU0184,Front-line impactful encoding,PureLeaf,home_care,6
SKU0185,Customizable coherent core,Everstate,personal_care,12
SKU0186,Assimilated dynamic website,Cascade Home,home_care,12
SKU0187,Integrated maximized matrix,Cascade Home,home_care,6
SKU0188,Realigned intermediate interface,PureLeaf,oral_care,1
SKU0189,Stand-alone 5thgeneration customer loyalty,Glimmer,oral_care,12
SKU0190,Diverse encompassing challenge,Northfield,home_care,1
SKU0191,Assimilated empowering utilization,Northfield,personal_care,12
SKU0192,Grass-roots stable neural-net,Glimmer,personal_care,12
SKU0193,Enhanced secondary analyzer,Northfield,oral_care,2
SKU0194,Up-sized mobile toolset,Everstate,home_care,12
SKU0195,Ameliorated analyzing artificial intelligence,Cascade Home,oral_care,2
SKU0196,Intuitive real-time framework,PureLeaf,oral_care,1
SKU0197,Cloned incremental hierarchy,Everstate,home_care,12
SKU0198,Synchronized stable array,Glimmer,home_care,4
SKU0199,Object-based uniform challenge,Cascade Home,oral_care,6
SKU0200,Front-line bifurcated orchestration,Northfield,home_care,2
